{"cameraMode":{"drawMode":0,"name":"Shaded","section":"Shading Mode"},"sceneLighting":false,"audioPlay":false,"sceneViewState":{"m_AlwaysRefresh":false,"showFog":true,"showSkybox":false,"showFlares":true,"showImageEffects":true,"showParticleSystems":true,"showVisualEffectGraphs":true,"m_FxEnabled":true},"in2DMode":false,"pivot":{"x":-0.24030789732933045,"y":0.9808768630027771,"z":-0.03982949256896973},"rotation":{"x":-0.0021441008429974319,"y":0.977601945400238,"z":-0.21021872758865357,"w":-0.009971071034669876},"size":2.2566943168640138,"orthographic":false}